{
  "total_cases": 100,
  "evaluated_cases": 100,
  "failed_cases": 0,
  "agent_id": "7760f178-b977-4d80-a00c-accb2b21c59a",
  "context_source": "agent",
  "tool_called_rows": 100,
  "tool_called_ratio": 1.0,
  "tool_message_total": 100,
  "retrieve_fallback_rows": 0,
  "metrics": {
    "answer_correctness": 0.5812570219876145,
    "faithfulness": 0.8658333333333335,
    "answer_relevancy": 0.458444016510162,
    "context_precision": 0.6499999999663555,
    "context_recall": 0.99
  }
}